123456789A,Bruce,Wayne,batman1939@gmail.com,"985 05 19 39",80,Masculino,10,60,Si,"Se ha entendido perfectamente","No hacen falta",10
123456789B,Kratos,"Fantasma de Esparta",kratos@gmail.com,"985 03 20 05",18,Masculino,2,360,No,"No he entendido nada","Debería ser más intuitivo",2
123456789C,Selina,Kyle,selinakyle@gmail.com,"985 03 19 40",79,Femenino,8,120,Si,"Demasiado complicada","Una introducción sobre como usarla",7
123456789D,Omar,"Teixeira González",omartg24@gmail.com,"684 60 44 54",20,Masculino,7,20,Si,"He desarrollado la aplicacion","Esta perfecta",10
123456789E,Alba,"Francos Ablanedo",albafrancos.02@gmail.com,"627 58 07 01",20,Femenino,8,120,Si,"No me gusta este tipo de calculadora","Más información",5
